"time_id","time_actual","hours_24","hours_12","hour_minutes","day_minutes","day_time_name","day_night"
0,00:00:00,"00","12","00",0,AM,Night
1,00:01:00,"00","12","01",1,AM,Night
2,00:02:00,"00","12","02",2,AM,Night
3,00:03:00,"00","12","03",3,AM,Night
4,00:04:00,"00","12","04",4,AM,Night
5,00:05:00,"00","12","05",5,AM,Night
6,00:06:00,"00","12","06",6,AM,Night
7,00:07:00,"00","12","07",7,AM,Night
8,00:08:00,"00","12","08",8,AM,Night
9,00:09:00,"00","12","09",9,AM,Night
10,00:10:00,"00","12","10",10,AM,Night
11,00:11:00,"00","12","11",11,AM,Night
12,00:12:00,"00","12","12",12,AM,Night
13,00:13:00,"00","12","13",13,AM,Night
14,00:14:00,"00","12","14",14,AM,Night
15,00:15:00,"00","12","15",15,AM,Night
16,00:16:00,"00","12","16",16,AM,Night
17,00:17:00,"00","12","17",17,AM,Night
18,00:18:00,"00","12","18",18,AM,Night
19,00:19:00,"00","12","19",19,AM,Night
20,00:20:00,"00","12","20",20,AM,Night
21,00:21:00,"00","12","21",21,AM,Night
22,00:22:00,"00","12","22",22,AM,Night
23,00:23:00,"00","12","23",23,AM,Night
24,00:24:00,"00","12","24",24,AM,Night
25,00:25:00,"00","12","25",25,AM,Night
26,00:26:00,"00","12","26",26,AM,Night
27,00:27:00,"00","12","27",27,AM,Night
28,00:28:00,"00","12","28",28,AM,Night
29,00:29:00,"00","12","29",29,AM,Night
30,00:30:00,"00","12","30",30,AM,Night
31,00:31:00,"00","12","31",31,AM,Night
32,00:32:00,"00","12","32",32,AM,Night
33,00:33:00,"00","12","33",33,AM,Night
34,00:34:00,"00","12","34",34,AM,Night
35,00:35:00,"00","12","35",35,AM,Night
36,00:36:00,"00","12","36",36,AM,Night
37,00:37:00,"00","12","37",37,AM,Night
38,00:38:00,"00","12","38",38,AM,Night
39,00:39:00,"00","12","39",39,AM,Night
40,00:40:00,"00","12","40",40,AM,Night
41,00:41:00,"00","12","41",41,AM,Night
42,00:42:00,"00","12","42",42,AM,Night
43,00:43:00,"00","12","43",43,AM,Night
44,00:44:00,"00","12","44",44,AM,Night
45,00:45:00,"00","12","45",45,AM,Night
46,00:46:00,"00","12","46",46,AM,Night
47,00:47:00,"00","12","47",47,AM,Night
48,00:48:00,"00","12","48",48,AM,Night
49,00:49:00,"00","12","49",49,AM,Night
50,00:50:00,"00","12","50",50,AM,Night
51,00:51:00,"00","12","51",51,AM,Night
52,00:52:00,"00","12","52",52,AM,Night
53,00:53:00,"00","12","53",53,AM,Night
54,00:54:00,"00","12","54",54,AM,Night
55,00:55:00,"00","12","55",55,AM,Night
56,00:56:00,"00","12","56",56,AM,Night
57,00:57:00,"00","12","57",57,AM,Night
58,00:58:00,"00","12","58",58,AM,Night
59,00:59:00,"00","12","59",59,AM,Night
100,01:00:00,"01","01","00",60,AM,Night
101,01:01:00,"01","01","01",61,AM,Night
102,01:02:00,"01","01","02",62,AM,Night
103,01:03:00,"01","01","03",63,AM,Night
104,01:04:00,"01","01","04",64,AM,Night
105,01:05:00,"01","01","05",65,AM,Night
106,01:06:00,"01","01","06",66,AM,Night
107,01:07:00,"01","01","07",67,AM,Night
108,01:08:00,"01","01","08",68,AM,Night
109,01:09:00,"01","01","09",69,AM,Night
110,01:10:00,"01","01","10",70,AM,Night
111,01:11:00,"01","01","11",71,AM,Night
112,01:12:00,"01","01","12",72,AM,Night
113,01:13:00,"01","01","13",73,AM,Night
114,01:14:00,"01","01","14",74,AM,Night
115,01:15:00,"01","01","15",75,AM,Night
116,01:16:00,"01","01","16",76,AM,Night
117,01:17:00,"01","01","17",77,AM,Night
118,01:18:00,"01","01","18",78,AM,Night
119,01:19:00,"01","01","19",79,AM,Night
120,01:20:00,"01","01","20",80,AM,Night
121,01:21:00,"01","01","21",81,AM,Night
122,01:22:00,"01","01","22",82,AM,Night
123,01:23:00,"01","01","23",83,AM,Night
124,01:24:00,"01","01","24",84,AM,Night
125,01:25:00,"01","01","25",85,AM,Night
126,01:26:00,"01","01","26",86,AM,Night
127,01:27:00,"01","01","27",87,AM,Night
128,01:28:00,"01","01","28",88,AM,Night
129,01:29:00,"01","01","29",89,AM,Night
130,01:30:00,"01","01","30",90,AM,Night
131,01:31:00,"01","01","31",91,AM,Night
132,01:32:00,"01","01","32",92,AM,Night
133,01:33:00,"01","01","33",93,AM,Night
134,01:34:00,"01","01","34",94,AM,Night
135,01:35:00,"01","01","35",95,AM,Night
136,01:36:00,"01","01","36",96,AM,Night
137,01:37:00,"01","01","37",97,AM,Night
138,01:38:00,"01","01","38",98,AM,Night
139,01:39:00,"01","01","39",99,AM,Night
140,01:40:00,"01","01","40",100,AM,Night
141,01:41:00,"01","01","41",101,AM,Night
142,01:42:00,"01","01","42",102,AM,Night
143,01:43:00,"01","01","43",103,AM,Night
144,01:44:00,"01","01","44",104,AM,Night
145,01:45:00,"01","01","45",105,AM,Night
146,01:46:00,"01","01","46",106,AM,Night
147,01:47:00,"01","01","47",107,AM,Night
148,01:48:00,"01","01","48",108,AM,Night
149,01:49:00,"01","01","49",109,AM,Night
150,01:50:00,"01","01","50",110,AM,Night
151,01:51:00,"01","01","51",111,AM,Night
152,01:52:00,"01","01","52",112,AM,Night
153,01:53:00,"01","01","53",113,AM,Night
154,01:54:00,"01","01","54",114,AM,Night
155,01:55:00,"01","01","55",115,AM,Night
156,01:56:00,"01","01","56",116,AM,Night
157,01:57:00,"01","01","57",117,AM,Night
158,01:58:00,"01","01","58",118,AM,Night
159,01:59:00,"01","01","59",119,AM,Night
200,02:00:00,"02","02","00",120,AM,Night
201,02:01:00,"02","02","01",121,AM,Night
202,02:02:00,"02","02","02",122,AM,Night
203,02:03:00,"02","02","03",123,AM,Night
204,02:04:00,"02","02","04",124,AM,Night
205,02:05:00,"02","02","05",125,AM,Night
206,02:06:00,"02","02","06",126,AM,Night
207,02:07:00,"02","02","07",127,AM,Night
208,02:08:00,"02","02","08",128,AM,Night
209,02:09:00,"02","02","09",129,AM,Night
210,02:10:00,"02","02","10",130,AM,Night
211,02:11:00,"02","02","11",131,AM,Night
212,02:12:00,"02","02","12",132,AM,Night
213,02:13:00,"02","02","13",133,AM,Night
214,02:14:00,"02","02","14",134,AM,Night
215,02:15:00,"02","02","15",135,AM,Night
216,02:16:00,"02","02","16",136,AM,Night
217,02:17:00,"02","02","17",137,AM,Night
218,02:18:00,"02","02","18",138,AM,Night
219,02:19:00,"02","02","19",139,AM,Night
220,02:20:00,"02","02","20",140,AM,Night
221,02:21:00,"02","02","21",141,AM,Night
222,02:22:00,"02","02","22",142,AM,Night
223,02:23:00,"02","02","23",143,AM,Night
224,02:24:00,"02","02","24",144,AM,Night
225,02:25:00,"02","02","25",145,AM,Night
226,02:26:00,"02","02","26",146,AM,Night
227,02:27:00,"02","02","27",147,AM,Night
228,02:28:00,"02","02","28",148,AM,Night
229,02:29:00,"02","02","29",149,AM,Night
230,02:30:00,"02","02","30",150,AM,Night
231,02:31:00,"02","02","31",151,AM,Night
232,02:32:00,"02","02","32",152,AM,Night
233,02:33:00,"02","02","33",153,AM,Night
234,02:34:00,"02","02","34",154,AM,Night
235,02:35:00,"02","02","35",155,AM,Night
236,02:36:00,"02","02","36",156,AM,Night
237,02:37:00,"02","02","37",157,AM,Night
238,02:38:00,"02","02","38",158,AM,Night
239,02:39:00,"02","02","39",159,AM,Night
240,02:40:00,"02","02","40",160,AM,Night
241,02:41:00,"02","02","41",161,AM,Night
242,02:42:00,"02","02","42",162,AM,Night
243,02:43:00,"02","02","43",163,AM,Night
244,02:44:00,"02","02","44",164,AM,Night
245,02:45:00,"02","02","45",165,AM,Night
246,02:46:00,"02","02","46",166,AM,Night
247,02:47:00,"02","02","47",167,AM,Night
248,02:48:00,"02","02","48",168,AM,Night
249,02:49:00,"02","02","49",169,AM,Night
250,02:50:00,"02","02","50",170,AM,Night
251,02:51:00,"02","02","51",171,AM,Night
252,02:52:00,"02","02","52",172,AM,Night
253,02:53:00,"02","02","53",173,AM,Night
254,02:54:00,"02","02","54",174,AM,Night
255,02:55:00,"02","02","55",175,AM,Night
256,02:56:00,"02","02","56",176,AM,Night
257,02:57:00,"02","02","57",177,AM,Night
258,02:58:00,"02","02","58",178,AM,Night
259,02:59:00,"02","02","59",179,AM,Night
300,03:00:00,"03","03","00",180,AM,Night
301,03:01:00,"03","03","01",181,AM,Night
302,03:02:00,"03","03","02",182,AM,Night
303,03:03:00,"03","03","03",183,AM,Night
304,03:04:00,"03","03","04",184,AM,Night
305,03:05:00,"03","03","05",185,AM,Night
306,03:06:00,"03","03","06",186,AM,Night
307,03:07:00,"03","03","07",187,AM,Night
308,03:08:00,"03","03","08",188,AM,Night
309,03:09:00,"03","03","09",189,AM,Night
310,03:10:00,"03","03","10",190,AM,Night
311,03:11:00,"03","03","11",191,AM,Night
312,03:12:00,"03","03","12",192,AM,Night
313,03:13:00,"03","03","13",193,AM,Night
314,03:14:00,"03","03","14",194,AM,Night
315,03:15:00,"03","03","15",195,AM,Night
316,03:16:00,"03","03","16",196,AM,Night
317,03:17:00,"03","03","17",197,AM,Night
318,03:18:00,"03","03","18",198,AM,Night
319,03:19:00,"03","03","19",199,AM,Night
320,03:20:00,"03","03","20",200,AM,Night
321,03:21:00,"03","03","21",201,AM,Night
322,03:22:00,"03","03","22",202,AM,Night
323,03:23:00,"03","03","23",203,AM,Night
324,03:24:00,"03","03","24",204,AM,Night
325,03:25:00,"03","03","25",205,AM,Night
326,03:26:00,"03","03","26",206,AM,Night
327,03:27:00,"03","03","27",207,AM,Night
328,03:28:00,"03","03","28",208,AM,Night
329,03:29:00,"03","03","29",209,AM,Night
330,03:30:00,"03","03","30",210,AM,Night
331,03:31:00,"03","03","31",211,AM,Night
332,03:32:00,"03","03","32",212,AM,Night
333,03:33:00,"03","03","33",213,AM,Night
334,03:34:00,"03","03","34",214,AM,Night
335,03:35:00,"03","03","35",215,AM,Night
336,03:36:00,"03","03","36",216,AM,Night
337,03:37:00,"03","03","37",217,AM,Night
338,03:38:00,"03","03","38",218,AM,Night
339,03:39:00,"03","03","39",219,AM,Night
340,03:40:00,"03","03","40",220,AM,Night
341,03:41:00,"03","03","41",221,AM,Night
342,03:42:00,"03","03","42",222,AM,Night
343,03:43:00,"03","03","43",223,AM,Night
344,03:44:00,"03","03","44",224,AM,Night
345,03:45:00,"03","03","45",225,AM,Night
346,03:46:00,"03","03","46",226,AM,Night
347,03:47:00,"03","03","47",227,AM,Night
348,03:48:00,"03","03","48",228,AM,Night
349,03:49:00,"03","03","49",229,AM,Night
350,03:50:00,"03","03","50",230,AM,Night
351,03:51:00,"03","03","51",231,AM,Night
352,03:52:00,"03","03","52",232,AM,Night
353,03:53:00,"03","03","53",233,AM,Night
354,03:54:00,"03","03","54",234,AM,Night
355,03:55:00,"03","03","55",235,AM,Night
356,03:56:00,"03","03","56",236,AM,Night
357,03:57:00,"03","03","57",237,AM,Night
358,03:58:00,"03","03","58",238,AM,Night
359,03:59:00,"03","03","59",239,AM,Night
400,04:00:00,"04","04","00",240,AM,Night
401,04:01:00,"04","04","01",241,AM,Night
402,04:02:00,"04","04","02",242,AM,Night
403,04:03:00,"04","04","03",243,AM,Night
404,04:04:00,"04","04","04",244,AM,Night
405,04:05:00,"04","04","05",245,AM,Night
406,04:06:00,"04","04","06",246,AM,Night
407,04:07:00,"04","04","07",247,AM,Night
408,04:08:00,"04","04","08",248,AM,Night
409,04:09:00,"04","04","09",249,AM,Night
410,04:10:00,"04","04","10",250,AM,Night
411,04:11:00,"04","04","11",251,AM,Night
412,04:12:00,"04","04","12",252,AM,Night
413,04:13:00,"04","04","13",253,AM,Night
414,04:14:00,"04","04","14",254,AM,Night
415,04:15:00,"04","04","15",255,AM,Night
416,04:16:00,"04","04","16",256,AM,Night
417,04:17:00,"04","04","17",257,AM,Night
418,04:18:00,"04","04","18",258,AM,Night
419,04:19:00,"04","04","19",259,AM,Night
420,04:20:00,"04","04","20",260,AM,Night
421,04:21:00,"04","04","21",261,AM,Night
422,04:22:00,"04","04","22",262,AM,Night
423,04:23:00,"04","04","23",263,AM,Night
424,04:24:00,"04","04","24",264,AM,Night
425,04:25:00,"04","04","25",265,AM,Night
426,04:26:00,"04","04","26",266,AM,Night
427,04:27:00,"04","04","27",267,AM,Night
428,04:28:00,"04","04","28",268,AM,Night
429,04:29:00,"04","04","29",269,AM,Night
430,04:30:00,"04","04","30",270,AM,Night
431,04:31:00,"04","04","31",271,AM,Night
432,04:32:00,"04","04","32",272,AM,Night
433,04:33:00,"04","04","33",273,AM,Night
434,04:34:00,"04","04","34",274,AM,Night
435,04:35:00,"04","04","35",275,AM,Night
436,04:36:00,"04","04","36",276,AM,Night
437,04:37:00,"04","04","37",277,AM,Night
438,04:38:00,"04","04","38",278,AM,Night
439,04:39:00,"04","04","39",279,AM,Night
440,04:40:00,"04","04","40",280,AM,Night
441,04:41:00,"04","04","41",281,AM,Night
442,04:42:00,"04","04","42",282,AM,Night
443,04:43:00,"04","04","43",283,AM,Night
444,04:44:00,"04","04","44",284,AM,Night
445,04:45:00,"04","04","45",285,AM,Night
446,04:46:00,"04","04","46",286,AM,Night
447,04:47:00,"04","04","47",287,AM,Night
448,04:48:00,"04","04","48",288,AM,Night
449,04:49:00,"04","04","49",289,AM,Night
450,04:50:00,"04","04","50",290,AM,Night
451,04:51:00,"04","04","51",291,AM,Night
452,04:52:00,"04","04","52",292,AM,Night
453,04:53:00,"04","04","53",293,AM,Night
454,04:54:00,"04","04","54",294,AM,Night
455,04:55:00,"04","04","55",295,AM,Night
456,04:56:00,"04","04","56",296,AM,Night
457,04:57:00,"04","04","57",297,AM,Night
458,04:58:00,"04","04","58",298,AM,Night
459,04:59:00,"04","04","59",299,AM,Night
500,05:00:00,"05","05","00",300,AM,Night
501,05:01:00,"05","05","01",301,AM,Night
502,05:02:00,"05","05","02",302,AM,Night
503,05:03:00,"05","05","03",303,AM,Night
504,05:04:00,"05","05","04",304,AM,Night
505,05:05:00,"05","05","05",305,AM,Night
506,05:06:00,"05","05","06",306,AM,Night
507,05:07:00,"05","05","07",307,AM,Night
508,05:08:00,"05","05","08",308,AM,Night
509,05:09:00,"05","05","09",309,AM,Night
510,05:10:00,"05","05","10",310,AM,Night
511,05:11:00,"05","05","11",311,AM,Night
512,05:12:00,"05","05","12",312,AM,Night
513,05:13:00,"05","05","13",313,AM,Night
514,05:14:00,"05","05","14",314,AM,Night
515,05:15:00,"05","05","15",315,AM,Night
516,05:16:00,"05","05","16",316,AM,Night
517,05:17:00,"05","05","17",317,AM,Night
518,05:18:00,"05","05","18",318,AM,Night
519,05:19:00,"05","05","19",319,AM,Night
520,05:20:00,"05","05","20",320,AM,Night
521,05:21:00,"05","05","21",321,AM,Night
522,05:22:00,"05","05","22",322,AM,Night
523,05:23:00,"05","05","23",323,AM,Night
524,05:24:00,"05","05","24",324,AM,Night
525,05:25:00,"05","05","25",325,AM,Night
526,05:26:00,"05","05","26",326,AM,Night
527,05:27:00,"05","05","27",327,AM,Night
528,05:28:00,"05","05","28",328,AM,Night
529,05:29:00,"05","05","29",329,AM,Night
530,05:30:00,"05","05","30",330,AM,Night
531,05:31:00,"05","05","31",331,AM,Night
532,05:32:00,"05","05","32",332,AM,Night
533,05:33:00,"05","05","33",333,AM,Night
534,05:34:00,"05","05","34",334,AM,Night
535,05:35:00,"05","05","35",335,AM,Night
536,05:36:00,"05","05","36",336,AM,Night
537,05:37:00,"05","05","37",337,AM,Night
538,05:38:00,"05","05","38",338,AM,Night
539,05:39:00,"05","05","39",339,AM,Night
540,05:40:00,"05","05","40",340,AM,Night
541,05:41:00,"05","05","41",341,AM,Night
542,05:42:00,"05","05","42",342,AM,Night
543,05:43:00,"05","05","43",343,AM,Night
544,05:44:00,"05","05","44",344,AM,Night
545,05:45:00,"05","05","45",345,AM,Night
546,05:46:00,"05","05","46",346,AM,Night
547,05:47:00,"05","05","47",347,AM,Night
548,05:48:00,"05","05","48",348,AM,Night
549,05:49:00,"05","05","49",349,AM,Night
550,05:50:00,"05","05","50",350,AM,Night
551,05:51:00,"05","05","51",351,AM,Night
552,05:52:00,"05","05","52",352,AM,Night
553,05:53:00,"05","05","53",353,AM,Night
554,05:54:00,"05","05","54",354,AM,Night
555,05:55:00,"05","05","55",355,AM,Night
556,05:56:00,"05","05","56",356,AM,Night
557,05:57:00,"05","05","57",357,AM,Night
558,05:58:00,"05","05","58",358,AM,Night
559,05:59:00,"05","05","59",359,AM,Night
600,06:00:00,"06","06","00",360,AM,Night
601,06:01:00,"06","06","01",361,AM,Night
602,06:02:00,"06","06","02",362,AM,Night
603,06:03:00,"06","06","03",363,AM,Night
604,06:04:00,"06","06","04",364,AM,Night
605,06:05:00,"06","06","05",365,AM,Night
606,06:06:00,"06","06","06",366,AM,Night
607,06:07:00,"06","06","07",367,AM,Night
608,06:08:00,"06","06","08",368,AM,Night
609,06:09:00,"06","06","09",369,AM,Night
610,06:10:00,"06","06","10",370,AM,Night
611,06:11:00,"06","06","11",371,AM,Night
612,06:12:00,"06","06","12",372,AM,Night
613,06:13:00,"06","06","13",373,AM,Night
614,06:14:00,"06","06","14",374,AM,Night
615,06:15:00,"06","06","15",375,AM,Night
616,06:16:00,"06","06","16",376,AM,Night
617,06:17:00,"06","06","17",377,AM,Night
618,06:18:00,"06","06","18",378,AM,Night
619,06:19:00,"06","06","19",379,AM,Night
620,06:20:00,"06","06","20",380,AM,Night
621,06:21:00,"06","06","21",381,AM,Night
622,06:22:00,"06","06","22",382,AM,Night
623,06:23:00,"06","06","23",383,AM,Night
624,06:24:00,"06","06","24",384,AM,Night
625,06:25:00,"06","06","25",385,AM,Night
626,06:26:00,"06","06","26",386,AM,Night
627,06:27:00,"06","06","27",387,AM,Night
628,06:28:00,"06","06","28",388,AM,Night
629,06:29:00,"06","06","29",389,AM,Night
630,06:30:00,"06","06","30",390,AM,Night
631,06:31:00,"06","06","31",391,AM,Night
632,06:32:00,"06","06","32",392,AM,Night
633,06:33:00,"06","06","33",393,AM,Night
634,06:34:00,"06","06","34",394,AM,Night
635,06:35:00,"06","06","35",395,AM,Night
636,06:36:00,"06","06","36",396,AM,Night
637,06:37:00,"06","06","37",397,AM,Night
638,06:38:00,"06","06","38",398,AM,Night
639,06:39:00,"06","06","39",399,AM,Night
640,06:40:00,"06","06","40",400,AM,Night
641,06:41:00,"06","06","41",401,AM,Night
642,06:42:00,"06","06","42",402,AM,Night
643,06:43:00,"06","06","43",403,AM,Night
644,06:44:00,"06","06","44",404,AM,Night
645,06:45:00,"06","06","45",405,AM,Night
646,06:46:00,"06","06","46",406,AM,Night
647,06:47:00,"06","06","47",407,AM,Night
648,06:48:00,"06","06","48",408,AM,Night
649,06:49:00,"06","06","49",409,AM,Night
650,06:50:00,"06","06","50",410,AM,Night
651,06:51:00,"06","06","51",411,AM,Night
652,06:52:00,"06","06","52",412,AM,Night
653,06:53:00,"06","06","53",413,AM,Night
654,06:54:00,"06","06","54",414,AM,Night
655,06:55:00,"06","06","55",415,AM,Night
656,06:56:00,"06","06","56",416,AM,Night
657,06:57:00,"06","06","57",417,AM,Night
658,06:58:00,"06","06","58",418,AM,Night
659,06:59:00,"06","06","59",419,AM,Night
700,07:00:00,"07","07","00",420,AM,Day
701,07:01:00,"07","07","01",421,AM,Day
702,07:02:00,"07","07","02",422,AM,Day
703,07:03:00,"07","07","03",423,AM,Day
704,07:04:00,"07","07","04",424,AM,Day
705,07:05:00,"07","07","05",425,AM,Day
706,07:06:00,"07","07","06",426,AM,Day
707,07:07:00,"07","07","07",427,AM,Day
708,07:08:00,"07","07","08",428,AM,Day
709,07:09:00,"07","07","09",429,AM,Day
710,07:10:00,"07","07","10",430,AM,Day
711,07:11:00,"07","07","11",431,AM,Day
712,07:12:00,"07","07","12",432,AM,Day
713,07:13:00,"07","07","13",433,AM,Day
714,07:14:00,"07","07","14",434,AM,Day
715,07:15:00,"07","07","15",435,AM,Day
716,07:16:00,"07","07","16",436,AM,Day
717,07:17:00,"07","07","17",437,AM,Day
718,07:18:00,"07","07","18",438,AM,Day
719,07:19:00,"07","07","19",439,AM,Day
720,07:20:00,"07","07","20",440,AM,Day
721,07:21:00,"07","07","21",441,AM,Day
722,07:22:00,"07","07","22",442,AM,Day
723,07:23:00,"07","07","23",443,AM,Day
724,07:24:00,"07","07","24",444,AM,Day
725,07:25:00,"07","07","25",445,AM,Day
726,07:26:00,"07","07","26",446,AM,Day
727,07:27:00,"07","07","27",447,AM,Day
728,07:28:00,"07","07","28",448,AM,Day
729,07:29:00,"07","07","29",449,AM,Day
730,07:30:00,"07","07","30",450,AM,Day
731,07:31:00,"07","07","31",451,AM,Day
732,07:32:00,"07","07","32",452,AM,Day
733,07:33:00,"07","07","33",453,AM,Day
734,07:34:00,"07","07","34",454,AM,Day
735,07:35:00,"07","07","35",455,AM,Day
736,07:36:00,"07","07","36",456,AM,Day
737,07:37:00,"07","07","37",457,AM,Day
738,07:38:00,"07","07","38",458,AM,Day
739,07:39:00,"07","07","39",459,AM,Day
740,07:40:00,"07","07","40",460,AM,Day
741,07:41:00,"07","07","41",461,AM,Day
742,07:42:00,"07","07","42",462,AM,Day
743,07:43:00,"07","07","43",463,AM,Day
744,07:44:00,"07","07","44",464,AM,Day
745,07:45:00,"07","07","45",465,AM,Day
746,07:46:00,"07","07","46",466,AM,Day
747,07:47:00,"07","07","47",467,AM,Day
748,07:48:00,"07","07","48",468,AM,Day
749,07:49:00,"07","07","49",469,AM,Day
750,07:50:00,"07","07","50",470,AM,Day
751,07:51:00,"07","07","51",471,AM,Day
752,07:52:00,"07","07","52",472,AM,Day
753,07:53:00,"07","07","53",473,AM,Day
754,07:54:00,"07","07","54",474,AM,Day
755,07:55:00,"07","07","55",475,AM,Day
756,07:56:00,"07","07","56",476,AM,Day
757,07:57:00,"07","07","57",477,AM,Day
758,07:58:00,"07","07","58",478,AM,Day
759,07:59:00,"07","07","59",479,AM,Day
800,08:00:00,"08","08","00",480,AM,Day
801,08:01:00,"08","08","01",481,AM,Day
802,08:02:00,"08","08","02",482,AM,Day
803,08:03:00,"08","08","03",483,AM,Day
804,08:04:00,"08","08","04",484,AM,Day
805,08:05:00,"08","08","05",485,AM,Day
806,08:06:00,"08","08","06",486,AM,Day
807,08:07:00,"08","08","07",487,AM,Day
808,08:08:00,"08","08","08",488,AM,Day
809,08:09:00,"08","08","09",489,AM,Day
810,08:10:00,"08","08","10",490,AM,Day
811,08:11:00,"08","08","11",491,AM,Day
812,08:12:00,"08","08","12",492,AM,Day
813,08:13:00,"08","08","13",493,AM,Day
814,08:14:00,"08","08","14",494,AM,Day
815,08:15:00,"08","08","15",495,AM,Day
816,08:16:00,"08","08","16",496,AM,Day
817,08:17:00,"08","08","17",497,AM,Day
818,08:18:00,"08","08","18",498,AM,Day
819,08:19:00,"08","08","19",499,AM,Day
820,08:20:00,"08","08","20",500,AM,Day
821,08:21:00,"08","08","21",501,AM,Day
822,08:22:00,"08","08","22",502,AM,Day
823,08:23:00,"08","08","23",503,AM,Day
824,08:24:00,"08","08","24",504,AM,Day
825,08:25:00,"08","08","25",505,AM,Day
826,08:26:00,"08","08","26",506,AM,Day
827,08:27:00,"08","08","27",507,AM,Day
828,08:28:00,"08","08","28",508,AM,Day
829,08:29:00,"08","08","29",509,AM,Day
830,08:30:00,"08","08","30",510,AM,Day
831,08:31:00,"08","08","31",511,AM,Day
832,08:32:00,"08","08","32",512,AM,Day
833,08:33:00,"08","08","33",513,AM,Day
834,08:34:00,"08","08","34",514,AM,Day
835,08:35:00,"08","08","35",515,AM,Day
836,08:36:00,"08","08","36",516,AM,Day
837,08:37:00,"08","08","37",517,AM,Day
838,08:38:00,"08","08","38",518,AM,Day
839,08:39:00,"08","08","39",519,AM,Day
840,08:40:00,"08","08","40",520,AM,Day
841,08:41:00,"08","08","41",521,AM,Day
842,08:42:00,"08","08","42",522,AM,Day
843,08:43:00,"08","08","43",523,AM,Day
844,08:44:00,"08","08","44",524,AM,Day
845,08:45:00,"08","08","45",525,AM,Day
846,08:46:00,"08","08","46",526,AM,Day
847,08:47:00,"08","08","47",527,AM,Day
848,08:48:00,"08","08","48",528,AM,Day
849,08:49:00,"08","08","49",529,AM,Day
850,08:50:00,"08","08","50",530,AM,Day
851,08:51:00,"08","08","51",531,AM,Day
852,08:52:00,"08","08","52",532,AM,Day
853,08:53:00,"08","08","53",533,AM,Day
854,08:54:00,"08","08","54",534,AM,Day
855,08:55:00,"08","08","55",535,AM,Day
856,08:56:00,"08","08","56",536,AM,Day
857,08:57:00,"08","08","57",537,AM,Day
858,08:58:00,"08","08","58",538,AM,Day
859,08:59:00,"08","08","59",539,AM,Day
900,09:00:00,"09","09","00",540,AM,Day
901,09:01:00,"09","09","01",541,AM,Day
902,09:02:00,"09","09","02",542,AM,Day
903,09:03:00,"09","09","03",543,AM,Day
904,09:04:00,"09","09","04",544,AM,Day
905,09:05:00,"09","09","05",545,AM,Day
906,09:06:00,"09","09","06",546,AM,Day
907,09:07:00,"09","09","07",547,AM,Day
908,09:08:00,"09","09","08",548,AM,Day
909,09:09:00,"09","09","09",549,AM,Day
910,09:10:00,"09","09","10",550,AM,Day
911,09:11:00,"09","09","11",551,AM,Day
912,09:12:00,"09","09","12",552,AM,Day
913,09:13:00,"09","09","13",553,AM,Day
914,09:14:00,"09","09","14",554,AM,Day
915,09:15:00,"09","09","15",555,AM,Day
916,09:16:00,"09","09","16",556,AM,Day
917,09:17:00,"09","09","17",557,AM,Day
918,09:18:00,"09","09","18",558,AM,Day
919,09:19:00,"09","09","19",559,AM,Day
920,09:20:00,"09","09","20",560,AM,Day
921,09:21:00,"09","09","21",561,AM,Day
922,09:22:00,"09","09","22",562,AM,Day
923,09:23:00,"09","09","23",563,AM,Day
924,09:24:00,"09","09","24",564,AM,Day
925,09:25:00,"09","09","25",565,AM,Day
926,09:26:00,"09","09","26",566,AM,Day
927,09:27:00,"09","09","27",567,AM,Day
928,09:28:00,"09","09","28",568,AM,Day
929,09:29:00,"09","09","29",569,AM,Day
930,09:30:00,"09","09","30",570,AM,Day
931,09:31:00,"09","09","31",571,AM,Day
932,09:32:00,"09","09","32",572,AM,Day
933,09:33:00,"09","09","33",573,AM,Day
934,09:34:00,"09","09","34",574,AM,Day
935,09:35:00,"09","09","35",575,AM,Day
936,09:36:00,"09","09","36",576,AM,Day
937,09:37:00,"09","09","37",577,AM,Day
938,09:38:00,"09","09","38",578,AM,Day
939,09:39:00,"09","09","39",579,AM,Day
940,09:40:00,"09","09","40",580,AM,Day
941,09:41:00,"09","09","41",581,AM,Day
942,09:42:00,"09","09","42",582,AM,Day
943,09:43:00,"09","09","43",583,AM,Day
944,09:44:00,"09","09","44",584,AM,Day
945,09:45:00,"09","09","45",585,AM,Day
946,09:46:00,"09","09","46",586,AM,Day
947,09:47:00,"09","09","47",587,AM,Day
948,09:48:00,"09","09","48",588,AM,Day
949,09:49:00,"09","09","49",589,AM,Day
950,09:50:00,"09","09","50",590,AM,Day
951,09:51:00,"09","09","51",591,AM,Day
952,09:52:00,"09","09","52",592,AM,Day
953,09:53:00,"09","09","53",593,AM,Day
954,09:54:00,"09","09","54",594,AM,Day
955,09:55:00,"09","09","55",595,AM,Day
956,09:56:00,"09","09","56",596,AM,Day
957,09:57:00,"09","09","57",597,AM,Day
958,09:58:00,"09","09","58",598,AM,Day
959,09:59:00,"09","09","59",599,AM,Day
1000,10:00:00,"10","10","00",600,AM,Day
1001,10:01:00,"10","10","01",601,AM,Day
1002,10:02:00,"10","10","02",602,AM,Day
1003,10:03:00,"10","10","03",603,AM,Day
1004,10:04:00,"10","10","04",604,AM,Day
1005,10:05:00,"10","10","05",605,AM,Day
1006,10:06:00,"10","10","06",606,AM,Day
1007,10:07:00,"10","10","07",607,AM,Day
1008,10:08:00,"10","10","08",608,AM,Day
1009,10:09:00,"10","10","09",609,AM,Day
1010,10:10:00,"10","10","10",610,AM,Day
1011,10:11:00,"10","10","11",611,AM,Day
1012,10:12:00,"10","10","12",612,AM,Day
1013,10:13:00,"10","10","13",613,AM,Day
1014,10:14:00,"10","10","14",614,AM,Day
1015,10:15:00,"10","10","15",615,AM,Day
1016,10:16:00,"10","10","16",616,AM,Day
1017,10:17:00,"10","10","17",617,AM,Day
1018,10:18:00,"10","10","18",618,AM,Day
1019,10:19:00,"10","10","19",619,AM,Day
1020,10:20:00,"10","10","20",620,AM,Day
1021,10:21:00,"10","10","21",621,AM,Day
1022,10:22:00,"10","10","22",622,AM,Day
1023,10:23:00,"10","10","23",623,AM,Day
1024,10:24:00,"10","10","24",624,AM,Day
1025,10:25:00,"10","10","25",625,AM,Day
1026,10:26:00,"10","10","26",626,AM,Day
1027,10:27:00,"10","10","27",627,AM,Day
1028,10:28:00,"10","10","28",628,AM,Day
1029,10:29:00,"10","10","29",629,AM,Day
1030,10:30:00,"10","10","30",630,AM,Day
1031,10:31:00,"10","10","31",631,AM,Day
1032,10:32:00,"10","10","32",632,AM,Day
1033,10:33:00,"10","10","33",633,AM,Day
1034,10:34:00,"10","10","34",634,AM,Day
1035,10:35:00,"10","10","35",635,AM,Day
1036,10:36:00,"10","10","36",636,AM,Day
1037,10:37:00,"10","10","37",637,AM,Day
1038,10:38:00,"10","10","38",638,AM,Day
1039,10:39:00,"10","10","39",639,AM,Day
1040,10:40:00,"10","10","40",640,AM,Day
1041,10:41:00,"10","10","41",641,AM,Day
1042,10:42:00,"10","10","42",642,AM,Day
1043,10:43:00,"10","10","43",643,AM,Day
1044,10:44:00,"10","10","44",644,AM,Day
1045,10:45:00,"10","10","45",645,AM,Day
1046,10:46:00,"10","10","46",646,AM,Day
1047,10:47:00,"10","10","47",647,AM,Day
1048,10:48:00,"10","10","48",648,AM,Day
1049,10:49:00,"10","10","49",649,AM,Day
1050,10:50:00,"10","10","50",650,AM,Day
1051,10:51:00,"10","10","51",651,AM,Day
1052,10:52:00,"10","10","52",652,AM,Day
1053,10:53:00,"10","10","53",653,AM,Day
1054,10:54:00,"10","10","54",654,AM,Day
1055,10:55:00,"10","10","55",655,AM,Day
1056,10:56:00,"10","10","56",656,AM,Day
1057,10:57:00,"10","10","57",657,AM,Day
1058,10:58:00,"10","10","58",658,AM,Day
1059,10:59:00,"10","10","59",659,AM,Day
1100,11:00:00,"11","11","00",660,AM,Day
1101,11:01:00,"11","11","01",661,AM,Day
1102,11:02:00,"11","11","02",662,AM,Day
1103,11:03:00,"11","11","03",663,AM,Day
1104,11:04:00,"11","11","04",664,AM,Day
1105,11:05:00,"11","11","05",665,AM,Day
1106,11:06:00,"11","11","06",666,AM,Day
1107,11:07:00,"11","11","07",667,AM,Day
1108,11:08:00,"11","11","08",668,AM,Day
1109,11:09:00,"11","11","09",669,AM,Day
1110,11:10:00,"11","11","10",670,AM,Day
1111,11:11:00,"11","11","11",671,AM,Day
1112,11:12:00,"11","11","12",672,AM,Day
1113,11:13:00,"11","11","13",673,AM,Day
1114,11:14:00,"11","11","14",674,AM,Day
1115,11:15:00,"11","11","15",675,AM,Day
1116,11:16:00,"11","11","16",676,AM,Day
1117,11:17:00,"11","11","17",677,AM,Day
1118,11:18:00,"11","11","18",678,AM,Day
1119,11:19:00,"11","11","19",679,AM,Day
1120,11:20:00,"11","11","20",680,AM,Day
1121,11:21:00,"11","11","21",681,AM,Day
1122,11:22:00,"11","11","22",682,AM,Day
1123,11:23:00,"11","11","23",683,AM,Day
1124,11:24:00,"11","11","24",684,AM,Day
1125,11:25:00,"11","11","25",685,AM,Day
1126,11:26:00,"11","11","26",686,AM,Day
1127,11:27:00,"11","11","27",687,AM,Day
1128,11:28:00,"11","11","28",688,AM,Day
1129,11:29:00,"11","11","29",689,AM,Day
1130,11:30:00,"11","11","30",690,AM,Day
1131,11:31:00,"11","11","31",691,AM,Day
1132,11:32:00,"11","11","32",692,AM,Day
1133,11:33:00,"11","11","33",693,AM,Day
1134,11:34:00,"11","11","34",694,AM,Day
1135,11:35:00,"11","11","35",695,AM,Day
1136,11:36:00,"11","11","36",696,AM,Day
1137,11:37:00,"11","11","37",697,AM,Day
1138,11:38:00,"11","11","38",698,AM,Day
1139,11:39:00,"11","11","39",699,AM,Day
1140,11:40:00,"11","11","40",700,AM,Day
1141,11:41:00,"11","11","41",701,AM,Day
1142,11:42:00,"11","11","42",702,AM,Day
1143,11:43:00,"11","11","43",703,AM,Day
1144,11:44:00,"11","11","44",704,AM,Day
1145,11:45:00,"11","11","45",705,AM,Day
1146,11:46:00,"11","11","46",706,AM,Day
1147,11:47:00,"11","11","47",707,AM,Day
1148,11:48:00,"11","11","48",708,AM,Day
1149,11:49:00,"11","11","49",709,AM,Day
1150,11:50:00,"11","11","50",710,AM,Day
1151,11:51:00,"11","11","51",711,AM,Day
1152,11:52:00,"11","11","52",712,AM,Day
1153,11:53:00,"11","11","53",713,AM,Day
1154,11:54:00,"11","11","54",714,AM,Day
1155,11:55:00,"11","11","55",715,AM,Day
1156,11:56:00,"11","11","56",716,AM,Day
1157,11:57:00,"11","11","57",717,AM,Day
1158,11:58:00,"11","11","58",718,AM,Day
1159,11:59:00,"11","11","59",719,AM,Day
1200,12:00:00,"12","12","00",720,PM,Day
1201,12:01:00,"12","12","01",721,PM,Day
1202,12:02:00,"12","12","02",722,PM,Day
1203,12:03:00,"12","12","03",723,PM,Day
1204,12:04:00,"12","12","04",724,PM,Day
1205,12:05:00,"12","12","05",725,PM,Day
1206,12:06:00,"12","12","06",726,PM,Day
1207,12:07:00,"12","12","07",727,PM,Day
1208,12:08:00,"12","12","08",728,PM,Day
1209,12:09:00,"12","12","09",729,PM,Day
1210,12:10:00,"12","12","10",730,PM,Day
1211,12:11:00,"12","12","11",731,PM,Day
1212,12:12:00,"12","12","12",732,PM,Day
1213,12:13:00,"12","12","13",733,PM,Day
1214,12:14:00,"12","12","14",734,PM,Day
1215,12:15:00,"12","12","15",735,PM,Day
1216,12:16:00,"12","12","16",736,PM,Day
1217,12:17:00,"12","12","17",737,PM,Day
1218,12:18:00,"12","12","18",738,PM,Day
1219,12:19:00,"12","12","19",739,PM,Day
1220,12:20:00,"12","12","20",740,PM,Day
1221,12:21:00,"12","12","21",741,PM,Day
1222,12:22:00,"12","12","22",742,PM,Day
1223,12:23:00,"12","12","23",743,PM,Day
1224,12:24:00,"12","12","24",744,PM,Day
1225,12:25:00,"12","12","25",745,PM,Day
1226,12:26:00,"12","12","26",746,PM,Day
1227,12:27:00,"12","12","27",747,PM,Day
1228,12:28:00,"12","12","28",748,PM,Day
1229,12:29:00,"12","12","29",749,PM,Day
1230,12:30:00,"12","12","30",750,PM,Day
1231,12:31:00,"12","12","31",751,PM,Day
1232,12:32:00,"12","12","32",752,PM,Day
1233,12:33:00,"12","12","33",753,PM,Day
1234,12:34:00,"12","12","34",754,PM,Day
1235,12:35:00,"12","12","35",755,PM,Day
1236,12:36:00,"12","12","36",756,PM,Day
1237,12:37:00,"12","12","37",757,PM,Day
1238,12:38:00,"12","12","38",758,PM,Day
1239,12:39:00,"12","12","39",759,PM,Day
1240,12:40:00,"12","12","40",760,PM,Day
1241,12:41:00,"12","12","41",761,PM,Day
1242,12:42:00,"12","12","42",762,PM,Day
1243,12:43:00,"12","12","43",763,PM,Day
1244,12:44:00,"12","12","44",764,PM,Day
1245,12:45:00,"12","12","45",765,PM,Day
1246,12:46:00,"12","12","46",766,PM,Day
1247,12:47:00,"12","12","47",767,PM,Day
1248,12:48:00,"12","12","48",768,PM,Day
1249,12:49:00,"12","12","49",769,PM,Day
1250,12:50:00,"12","12","50",770,PM,Day
1251,12:51:00,"12","12","51",771,PM,Day
1252,12:52:00,"12","12","52",772,PM,Day
1253,12:53:00,"12","12","53",773,PM,Day
1254,12:54:00,"12","12","54",774,PM,Day
1255,12:55:00,"12","12","55",775,PM,Day
1256,12:56:00,"12","12","56",776,PM,Day
1257,12:57:00,"12","12","57",777,PM,Day
1258,12:58:00,"12","12","58",778,PM,Day
1259,12:59:00,"12","12","59",779,PM,Day
1300,13:00:00,"13","01","00",780,PM,Day
1301,13:01:00,"13","01","01",781,PM,Day
1302,13:02:00,"13","01","02",782,PM,Day
1303,13:03:00,"13","01","03",783,PM,Day
1304,13:04:00,"13","01","04",784,PM,Day
1305,13:05:00,"13","01","05",785,PM,Day
1306,13:06:00,"13","01","06",786,PM,Day
1307,13:07:00,"13","01","07",787,PM,Day
1308,13:08:00,"13","01","08",788,PM,Day
1309,13:09:00,"13","01","09",789,PM,Day
1310,13:10:00,"13","01","10",790,PM,Day
1311,13:11:00,"13","01","11",791,PM,Day
1312,13:12:00,"13","01","12",792,PM,Day
1313,13:13:00,"13","01","13",793,PM,Day
1314,13:14:00,"13","01","14",794,PM,Day
1315,13:15:00,"13","01","15",795,PM,Day
1316,13:16:00,"13","01","16",796,PM,Day
1317,13:17:00,"13","01","17",797,PM,Day
1318,13:18:00,"13","01","18",798,PM,Day
1319,13:19:00,"13","01","19",799,PM,Day
1320,13:20:00,"13","01","20",800,PM,Day
1321,13:21:00,"13","01","21",801,PM,Day
1322,13:22:00,"13","01","22",802,PM,Day
1323,13:23:00,"13","01","23",803,PM,Day
1324,13:24:00,"13","01","24",804,PM,Day
1325,13:25:00,"13","01","25",805,PM,Day
1326,13:26:00,"13","01","26",806,PM,Day
1327,13:27:00,"13","01","27",807,PM,Day
1328,13:28:00,"13","01","28",808,PM,Day
1329,13:29:00,"13","01","29",809,PM,Day
1330,13:30:00,"13","01","30",810,PM,Day
1331,13:31:00,"13","01","31",811,PM,Day
1332,13:32:00,"13","01","32",812,PM,Day
1333,13:33:00,"13","01","33",813,PM,Day
1334,13:34:00,"13","01","34",814,PM,Day
1335,13:35:00,"13","01","35",815,PM,Day
1336,13:36:00,"13","01","36",816,PM,Day
1337,13:37:00,"13","01","37",817,PM,Day
1338,13:38:00,"13","01","38",818,PM,Day
1339,13:39:00,"13","01","39",819,PM,Day
1340,13:40:00,"13","01","40",820,PM,Day
1341,13:41:00,"13","01","41",821,PM,Day
1342,13:42:00,"13","01","42",822,PM,Day
1343,13:43:00,"13","01","43",823,PM,Day
1344,13:44:00,"13","01","44",824,PM,Day
1345,13:45:00,"13","01","45",825,PM,Day
1346,13:46:00,"13","01","46",826,PM,Day
1347,13:47:00,"13","01","47",827,PM,Day
1348,13:48:00,"13","01","48",828,PM,Day
1349,13:49:00,"13","01","49",829,PM,Day
1350,13:50:00,"13","01","50",830,PM,Day
1351,13:51:00,"13","01","51",831,PM,Day
1352,13:52:00,"13","01","52",832,PM,Day
1353,13:53:00,"13","01","53",833,PM,Day
1354,13:54:00,"13","01","54",834,PM,Day
1355,13:55:00,"13","01","55",835,PM,Day
1356,13:56:00,"13","01","56",836,PM,Day
1357,13:57:00,"13","01","57",837,PM,Day
1358,13:58:00,"13","01","58",838,PM,Day
1359,13:59:00,"13","01","59",839,PM,Day
1400,14:00:00,"14","02","00",840,PM,Day
1401,14:01:00,"14","02","01",841,PM,Day
1402,14:02:00,"14","02","02",842,PM,Day
1403,14:03:00,"14","02","03",843,PM,Day
1404,14:04:00,"14","02","04",844,PM,Day
1405,14:05:00,"14","02","05",845,PM,Day
1406,14:06:00,"14","02","06",846,PM,Day
1407,14:07:00,"14","02","07",847,PM,Day
1408,14:08:00,"14","02","08",848,PM,Day
1409,14:09:00,"14","02","09",849,PM,Day
1410,14:10:00,"14","02","10",850,PM,Day
1411,14:11:00,"14","02","11",851,PM,Day
1412,14:12:00,"14","02","12",852,PM,Day
1413,14:13:00,"14","02","13",853,PM,Day
1414,14:14:00,"14","02","14",854,PM,Day
1415,14:15:00,"14","02","15",855,PM,Day
1416,14:16:00,"14","02","16",856,PM,Day
1417,14:17:00,"14","02","17",857,PM,Day
1418,14:18:00,"14","02","18",858,PM,Day
1419,14:19:00,"14","02","19",859,PM,Day
1420,14:20:00,"14","02","20",860,PM,Day
1421,14:21:00,"14","02","21",861,PM,Day
1422,14:22:00,"14","02","22",862,PM,Day
1423,14:23:00,"14","02","23",863,PM,Day
1424,14:24:00,"14","02","24",864,PM,Day
1425,14:25:00,"14","02","25",865,PM,Day
1426,14:26:00,"14","02","26",866,PM,Day
1427,14:27:00,"14","02","27",867,PM,Day
1428,14:28:00,"14","02","28",868,PM,Day
1429,14:29:00,"14","02","29",869,PM,Day
1430,14:30:00,"14","02","30",870,PM,Day
1431,14:31:00,"14","02","31",871,PM,Day
1432,14:32:00,"14","02","32",872,PM,Day
1433,14:33:00,"14","02","33",873,PM,Day
1434,14:34:00,"14","02","34",874,PM,Day
1435,14:35:00,"14","02","35",875,PM,Day
1436,14:36:00,"14","02","36",876,PM,Day
1437,14:37:00,"14","02","37",877,PM,Day
1438,14:38:00,"14","02","38",878,PM,Day
1439,14:39:00,"14","02","39",879,PM,Day
1440,14:40:00,"14","02","40",880,PM,Day
1441,14:41:00,"14","02","41",881,PM,Day
1442,14:42:00,"14","02","42",882,PM,Day
1443,14:43:00,"14","02","43",883,PM,Day
1444,14:44:00,"14","02","44",884,PM,Day
1445,14:45:00,"14","02","45",885,PM,Day
1446,14:46:00,"14","02","46",886,PM,Day
1447,14:47:00,"14","02","47",887,PM,Day
1448,14:48:00,"14","02","48",888,PM,Day
1449,14:49:00,"14","02","49",889,PM,Day
1450,14:50:00,"14","02","50",890,PM,Day
1451,14:51:00,"14","02","51",891,PM,Day
1452,14:52:00,"14","02","52",892,PM,Day
1453,14:53:00,"14","02","53",893,PM,Day
1454,14:54:00,"14","02","54",894,PM,Day
1455,14:55:00,"14","02","55",895,PM,Day
1456,14:56:00,"14","02","56",896,PM,Day
1457,14:57:00,"14","02","57",897,PM,Day
1458,14:58:00,"14","02","58",898,PM,Day
1459,14:59:00,"14","02","59",899,PM,Day
1500,15:00:00,"15","03","00",900,PM,Day
1501,15:01:00,"15","03","01",901,PM,Day
1502,15:02:00,"15","03","02",902,PM,Day
1503,15:03:00,"15","03","03",903,PM,Day
1504,15:04:00,"15","03","04",904,PM,Day
1505,15:05:00,"15","03","05",905,PM,Day
1506,15:06:00,"15","03","06",906,PM,Day
1507,15:07:00,"15","03","07",907,PM,Day
1508,15:08:00,"15","03","08",908,PM,Day
1509,15:09:00,"15","03","09",909,PM,Day
1510,15:10:00,"15","03","10",910,PM,Day
1511,15:11:00,"15","03","11",911,PM,Day
1512,15:12:00,"15","03","12",912,PM,Day
1513,15:13:00,"15","03","13",913,PM,Day
1514,15:14:00,"15","03","14",914,PM,Day
1515,15:15:00,"15","03","15",915,PM,Day
1516,15:16:00,"15","03","16",916,PM,Day
1517,15:17:00,"15","03","17",917,PM,Day
1518,15:18:00,"15","03","18",918,PM,Day
1519,15:19:00,"15","03","19",919,PM,Day
1520,15:20:00,"15","03","20",920,PM,Day
1521,15:21:00,"15","03","21",921,PM,Day
1522,15:22:00,"15","03","22",922,PM,Day
1523,15:23:00,"15","03","23",923,PM,Day
1524,15:24:00,"15","03","24",924,PM,Day
1525,15:25:00,"15","03","25",925,PM,Day
1526,15:26:00,"15","03","26",926,PM,Day
1527,15:27:00,"15","03","27",927,PM,Day
1528,15:28:00,"15","03","28",928,PM,Day
1529,15:29:00,"15","03","29",929,PM,Day
1530,15:30:00,"15","03","30",930,PM,Day
1531,15:31:00,"15","03","31",931,PM,Day
1532,15:32:00,"15","03","32",932,PM,Day
1533,15:33:00,"15","03","33",933,PM,Day
1534,15:34:00,"15","03","34",934,PM,Day
1535,15:35:00,"15","03","35",935,PM,Day
1536,15:36:00,"15","03","36",936,PM,Day
1537,15:37:00,"15","03","37",937,PM,Day
1538,15:38:00,"15","03","38",938,PM,Day
1539,15:39:00,"15","03","39",939,PM,Day
1540,15:40:00,"15","03","40",940,PM,Day
1541,15:41:00,"15","03","41",941,PM,Day
1542,15:42:00,"15","03","42",942,PM,Day
1543,15:43:00,"15","03","43",943,PM,Day
1544,15:44:00,"15","03","44",944,PM,Day
1545,15:45:00,"15","03","45",945,PM,Day
1546,15:46:00,"15","03","46",946,PM,Day
1547,15:47:00,"15","03","47",947,PM,Day
1548,15:48:00,"15","03","48",948,PM,Day
1549,15:49:00,"15","03","49",949,PM,Day
1550,15:50:00,"15","03","50",950,PM,Day
1551,15:51:00,"15","03","51",951,PM,Day
1552,15:52:00,"15","03","52",952,PM,Day
1553,15:53:00,"15","03","53",953,PM,Day
1554,15:54:00,"15","03","54",954,PM,Day
1555,15:55:00,"15","03","55",955,PM,Day
1556,15:56:00,"15","03","56",956,PM,Day
1557,15:57:00,"15","03","57",957,PM,Day
1558,15:58:00,"15","03","58",958,PM,Day
1559,15:59:00,"15","03","59",959,PM,Day
1600,16:00:00,"16","04","00",960,PM,Day
1601,16:01:00,"16","04","01",961,PM,Day
1602,16:02:00,"16","04","02",962,PM,Day
1603,16:03:00,"16","04","03",963,PM,Day
1604,16:04:00,"16","04","04",964,PM,Day
1605,16:05:00,"16","04","05",965,PM,Day
1606,16:06:00,"16","04","06",966,PM,Day
1607,16:07:00,"16","04","07",967,PM,Day
1608,16:08:00,"16","04","08",968,PM,Day
1609,16:09:00,"16","04","09",969,PM,Day
1610,16:10:00,"16","04","10",970,PM,Day
1611,16:11:00,"16","04","11",971,PM,Day
1612,16:12:00,"16","04","12",972,PM,Day
1613,16:13:00,"16","04","13",973,PM,Day
1614,16:14:00,"16","04","14",974,PM,Day
1615,16:15:00,"16","04","15",975,PM,Day
1616,16:16:00,"16","04","16",976,PM,Day
1617,16:17:00,"16","04","17",977,PM,Day
1618,16:18:00,"16","04","18",978,PM,Day
1619,16:19:00,"16","04","19",979,PM,Day
1620,16:20:00,"16","04","20",980,PM,Day
1621,16:21:00,"16","04","21",981,PM,Day
1622,16:22:00,"16","04","22",982,PM,Day
1623,16:23:00,"16","04","23",983,PM,Day
1624,16:24:00,"16","04","24",984,PM,Day
1625,16:25:00,"16","04","25",985,PM,Day
1626,16:26:00,"16","04","26",986,PM,Day
1627,16:27:00,"16","04","27",987,PM,Day
1628,16:28:00,"16","04","28",988,PM,Day
1629,16:29:00,"16","04","29",989,PM,Day
1630,16:30:00,"16","04","30",990,PM,Day
1631,16:31:00,"16","04","31",991,PM,Day
1632,16:32:00,"16","04","32",992,PM,Day
1633,16:33:00,"16","04","33",993,PM,Day
1634,16:34:00,"16","04","34",994,PM,Day
1635,16:35:00,"16","04","35",995,PM,Day
1636,16:36:00,"16","04","36",996,PM,Day
1637,16:37:00,"16","04","37",997,PM,Day
1638,16:38:00,"16","04","38",998,PM,Day
1639,16:39:00,"16","04","39",999,PM,Day
1640,16:40:00,"16","04","40",1000,PM,Day
1641,16:41:00,"16","04","41",1001,PM,Day
1642,16:42:00,"16","04","42",1002,PM,Day
1643,16:43:00,"16","04","43",1003,PM,Day
1644,16:44:00,"16","04","44",1004,PM,Day
1645,16:45:00,"16","04","45",1005,PM,Day
1646,16:46:00,"16","04","46",1006,PM,Day
1647,16:47:00,"16","04","47",1007,PM,Day
1648,16:48:00,"16","04","48",1008,PM,Day
1649,16:49:00,"16","04","49",1009,PM,Day
1650,16:50:00,"16","04","50",1010,PM,Day
1651,16:51:00,"16","04","51",1011,PM,Day
1652,16:52:00,"16","04","52",1012,PM,Day
1653,16:53:00,"16","04","53",1013,PM,Day
1654,16:54:00,"16","04","54",1014,PM,Day
1655,16:55:00,"16","04","55",1015,PM,Day
1656,16:56:00,"16","04","56",1016,PM,Day
1657,16:57:00,"16","04","57",1017,PM,Day
1658,16:58:00,"16","04","58",1018,PM,Day
1659,16:59:00,"16","04","59",1019,PM,Day
1700,17:00:00,"17","05","00",1020,PM,Day
1701,17:01:00,"17","05","01",1021,PM,Day
1702,17:02:00,"17","05","02",1022,PM,Day
1703,17:03:00,"17","05","03",1023,PM,Day
1704,17:04:00,"17","05","04",1024,PM,Day
1705,17:05:00,"17","05","05",1025,PM,Day
1706,17:06:00,"17","05","06",1026,PM,Day
1707,17:07:00,"17","05","07",1027,PM,Day
1708,17:08:00,"17","05","08",1028,PM,Day
1709,17:09:00,"17","05","09",1029,PM,Day
1710,17:10:00,"17","05","10",1030,PM,Day
1711,17:11:00,"17","05","11",1031,PM,Day
1712,17:12:00,"17","05","12",1032,PM,Day
1713,17:13:00,"17","05","13",1033,PM,Day
1714,17:14:00,"17","05","14",1034,PM,Day
1715,17:15:00,"17","05","15",1035,PM,Day
1716,17:16:00,"17","05","16",1036,PM,Day
1717,17:17:00,"17","05","17",1037,PM,Day
1718,17:18:00,"17","05","18",1038,PM,Day
1719,17:19:00,"17","05","19",1039,PM,Day
1720,17:20:00,"17","05","20",1040,PM,Day
1721,17:21:00,"17","05","21",1041,PM,Day
1722,17:22:00,"17","05","22",1042,PM,Day
1723,17:23:00,"17","05","23",1043,PM,Day
1724,17:24:00,"17","05","24",1044,PM,Day
1725,17:25:00,"17","05","25",1045,PM,Day
1726,17:26:00,"17","05","26",1046,PM,Day
1727,17:27:00,"17","05","27",1047,PM,Day
1728,17:28:00,"17","05","28",1048,PM,Day
1729,17:29:00,"17","05","29",1049,PM,Day
1730,17:30:00,"17","05","30",1050,PM,Day
1731,17:31:00,"17","05","31",1051,PM,Day
1732,17:32:00,"17","05","32",1052,PM,Day
1733,17:33:00,"17","05","33",1053,PM,Day
1734,17:34:00,"17","05","34",1054,PM,Day
1735,17:35:00,"17","05","35",1055,PM,Day
1736,17:36:00,"17","05","36",1056,PM,Day
1737,17:37:00,"17","05","37",1057,PM,Day
1738,17:38:00,"17","05","38",1058,PM,Day
1739,17:39:00,"17","05","39",1059,PM,Day
1740,17:40:00,"17","05","40",1060,PM,Day
1741,17:41:00,"17","05","41",1061,PM,Day
1742,17:42:00,"17","05","42",1062,PM,Day
1743,17:43:00,"17","05","43",1063,PM,Day
1744,17:44:00,"17","05","44",1064,PM,Day
1745,17:45:00,"17","05","45",1065,PM,Day
1746,17:46:00,"17","05","46",1066,PM,Day
1747,17:47:00,"17","05","47",1067,PM,Day
1748,17:48:00,"17","05","48",1068,PM,Day
1749,17:49:00,"17","05","49",1069,PM,Day
1750,17:50:00,"17","05","50",1070,PM,Day
1751,17:51:00,"17","05","51",1071,PM,Day
1752,17:52:00,"17","05","52",1072,PM,Day
1753,17:53:00,"17","05","53",1073,PM,Day
1754,17:54:00,"17","05","54",1074,PM,Day
1755,17:55:00,"17","05","55",1075,PM,Day
1756,17:56:00,"17","05","56",1076,PM,Day
1757,17:57:00,"17","05","57",1077,PM,Day
1758,17:58:00,"17","05","58",1078,PM,Day
1759,17:59:00,"17","05","59",1079,PM,Day
1800,18:00:00,"18","06","00",1080,PM,Day
1801,18:01:00,"18","06","01",1081,PM,Day
1802,18:02:00,"18","06","02",1082,PM,Day
1803,18:03:00,"18","06","03",1083,PM,Day
1804,18:04:00,"18","06","04",1084,PM,Day
1805,18:05:00,"18","06","05",1085,PM,Day
1806,18:06:00,"18","06","06",1086,PM,Day
1807,18:07:00,"18","06","07",1087,PM,Day
1808,18:08:00,"18","06","08",1088,PM,Day
1809,18:09:00,"18","06","09",1089,PM,Day
1810,18:10:00,"18","06","10",1090,PM,Day
1811,18:11:00,"18","06","11",1091,PM,Day
1812,18:12:00,"18","06","12",1092,PM,Day
1813,18:13:00,"18","06","13",1093,PM,Day
1814,18:14:00,"18","06","14",1094,PM,Day
1815,18:15:00,"18","06","15",1095,PM,Day
1816,18:16:00,"18","06","16",1096,PM,Day
1817,18:17:00,"18","06","17",1097,PM,Day
1818,18:18:00,"18","06","18",1098,PM,Day
1819,18:19:00,"18","06","19",1099,PM,Day
1820,18:20:00,"18","06","20",1100,PM,Day
1821,18:21:00,"18","06","21",1101,PM,Day
1822,18:22:00,"18","06","22",1102,PM,Day
1823,18:23:00,"18","06","23",1103,PM,Day
1824,18:24:00,"18","06","24",1104,PM,Day
1825,18:25:00,"18","06","25",1105,PM,Day
1826,18:26:00,"18","06","26",1106,PM,Day
1827,18:27:00,"18","06","27",1107,PM,Day
1828,18:28:00,"18","06","28",1108,PM,Day
1829,18:29:00,"18","06","29",1109,PM,Day
1830,18:30:00,"18","06","30",1110,PM,Day
1831,18:31:00,"18","06","31",1111,PM,Day
1832,18:32:00,"18","06","32",1112,PM,Day
1833,18:33:00,"18","06","33",1113,PM,Day
1834,18:34:00,"18","06","34",1114,PM,Day
1835,18:35:00,"18","06","35",1115,PM,Day
1836,18:36:00,"18","06","36",1116,PM,Day
1837,18:37:00,"18","06","37",1117,PM,Day
1838,18:38:00,"18","06","38",1118,PM,Day
1839,18:39:00,"18","06","39",1119,PM,Day
1840,18:40:00,"18","06","40",1120,PM,Day
1841,18:41:00,"18","06","41",1121,PM,Day
1842,18:42:00,"18","06","42",1122,PM,Day
1843,18:43:00,"18","06","43",1123,PM,Day
1844,18:44:00,"18","06","44",1124,PM,Day
1845,18:45:00,"18","06","45",1125,PM,Day
1846,18:46:00,"18","06","46",1126,PM,Day
1847,18:47:00,"18","06","47",1127,PM,Day
1848,18:48:00,"18","06","48",1128,PM,Day
1849,18:49:00,"18","06","49",1129,PM,Day
1850,18:50:00,"18","06","50",1130,PM,Day
1851,18:51:00,"18","06","51",1131,PM,Day
1852,18:52:00,"18","06","52",1132,PM,Day
1853,18:53:00,"18","06","53",1133,PM,Day
1854,18:54:00,"18","06","54",1134,PM,Day
1855,18:55:00,"18","06","55",1135,PM,Day
1856,18:56:00,"18","06","56",1136,PM,Day
1857,18:57:00,"18","06","57",1137,PM,Day
1858,18:58:00,"18","06","58",1138,PM,Day
1859,18:59:00,"18","06","59",1139,PM,Day
1900,19:00:00,"19","07","00",1140,PM,Day
1901,19:01:00,"19","07","01",1141,PM,Day
1902,19:02:00,"19","07","02",1142,PM,Day
1903,19:03:00,"19","07","03",1143,PM,Day
1904,19:04:00,"19","07","04",1144,PM,Day
1905,19:05:00,"19","07","05",1145,PM,Day
1906,19:06:00,"19","07","06",1146,PM,Day
1907,19:07:00,"19","07","07",1147,PM,Day
1908,19:08:00,"19","07","08",1148,PM,Day
1909,19:09:00,"19","07","09",1149,PM,Day
1910,19:10:00,"19","07","10",1150,PM,Day
1911,19:11:00,"19","07","11",1151,PM,Day
1912,19:12:00,"19","07","12",1152,PM,Day
1913,19:13:00,"19","07","13",1153,PM,Day
1914,19:14:00,"19","07","14",1154,PM,Day
1915,19:15:00,"19","07","15",1155,PM,Day
1916,19:16:00,"19","07","16",1156,PM,Day
1917,19:17:00,"19","07","17",1157,PM,Day
1918,19:18:00,"19","07","18",1158,PM,Day
1919,19:19:00,"19","07","19",1159,PM,Day
1920,19:20:00,"19","07","20",1160,PM,Day
1921,19:21:00,"19","07","21",1161,PM,Day
1922,19:22:00,"19","07","22",1162,PM,Day
1923,19:23:00,"19","07","23",1163,PM,Day
1924,19:24:00,"19","07","24",1164,PM,Day
1925,19:25:00,"19","07","25",1165,PM,Day
1926,19:26:00,"19","07","26",1166,PM,Day
1927,19:27:00,"19","07","27",1167,PM,Day
1928,19:28:00,"19","07","28",1168,PM,Day
1929,19:29:00,"19","07","29",1169,PM,Day
1930,19:30:00,"19","07","30",1170,PM,Day
1931,19:31:00,"19","07","31",1171,PM,Day
1932,19:32:00,"19","07","32",1172,PM,Day
1933,19:33:00,"19","07","33",1173,PM,Day
1934,19:34:00,"19","07","34",1174,PM,Day
1935,19:35:00,"19","07","35",1175,PM,Day
1936,19:36:00,"19","07","36",1176,PM,Day
1937,19:37:00,"19","07","37",1177,PM,Day
1938,19:38:00,"19","07","38",1178,PM,Day
1939,19:39:00,"19","07","39",1179,PM,Day
1940,19:40:00,"19","07","40",1180,PM,Day
1941,19:41:00,"19","07","41",1181,PM,Day
1942,19:42:00,"19","07","42",1182,PM,Day
1943,19:43:00,"19","07","43",1183,PM,Day
1944,19:44:00,"19","07","44",1184,PM,Day
1945,19:45:00,"19","07","45",1185,PM,Day
1946,19:46:00,"19","07","46",1186,PM,Day
1947,19:47:00,"19","07","47",1187,PM,Day
1948,19:48:00,"19","07","48",1188,PM,Day
1949,19:49:00,"19","07","49",1189,PM,Day
1950,19:50:00,"19","07","50",1190,PM,Day
1951,19:51:00,"19","07","51",1191,PM,Day
1952,19:52:00,"19","07","52",1192,PM,Day
1953,19:53:00,"19","07","53",1193,PM,Day
1954,19:54:00,"19","07","54",1194,PM,Day
1955,19:55:00,"19","07","55",1195,PM,Day
1956,19:56:00,"19","07","56",1196,PM,Day
1957,19:57:00,"19","07","57",1197,PM,Day
1958,19:58:00,"19","07","58",1198,PM,Day
1959,19:59:00,"19","07","59",1199,PM,Day
2000,20:00:00,"20","08","00",1200,PM,Night
2001,20:01:00,"20","08","01",1201,PM,Night
2002,20:02:00,"20","08","02",1202,PM,Night
2003,20:03:00,"20","08","03",1203,PM,Night
2004,20:04:00,"20","08","04",1204,PM,Night
2005,20:05:00,"20","08","05",1205,PM,Night
2006,20:06:00,"20","08","06",1206,PM,Night
2007,20:07:00,"20","08","07",1207,PM,Night
2008,20:08:00,"20","08","08",1208,PM,Night
2009,20:09:00,"20","08","09",1209,PM,Night
2010,20:10:00,"20","08","10",1210,PM,Night
2011,20:11:00,"20","08","11",1211,PM,Night
2012,20:12:00,"20","08","12",1212,PM,Night
2013,20:13:00,"20","08","13",1213,PM,Night
2014,20:14:00,"20","08","14",1214,PM,Night
2015,20:15:00,"20","08","15",1215,PM,Night
2016,20:16:00,"20","08","16",1216,PM,Night
2017,20:17:00,"20","08","17",1217,PM,Night
2018,20:18:00,"20","08","18",1218,PM,Night
2019,20:19:00,"20","08","19",1219,PM,Night
2020,20:20:00,"20","08","20",1220,PM,Night
2021,20:21:00,"20","08","21",1221,PM,Night
2022,20:22:00,"20","08","22",1222,PM,Night
2023,20:23:00,"20","08","23",1223,PM,Night
2024,20:24:00,"20","08","24",1224,PM,Night
2025,20:25:00,"20","08","25",1225,PM,Night
2026,20:26:00,"20","08","26",1226,PM,Night
2027,20:27:00,"20","08","27",1227,PM,Night
2028,20:28:00,"20","08","28",1228,PM,Night
2029,20:29:00,"20","08","29",1229,PM,Night
2030,20:30:00,"20","08","30",1230,PM,Night
2031,20:31:00,"20","08","31",1231,PM,Night
2032,20:32:00,"20","08","32",1232,PM,Night
2033,20:33:00,"20","08","33",1233,PM,Night
2034,20:34:00,"20","08","34",1234,PM,Night
2035,20:35:00,"20","08","35",1235,PM,Night
2036,20:36:00,"20","08","36",1236,PM,Night
2037,20:37:00,"20","08","37",1237,PM,Night
2038,20:38:00,"20","08","38",1238,PM,Night
2039,20:39:00,"20","08","39",1239,PM,Night
2040,20:40:00,"20","08","40",1240,PM,Night
2041,20:41:00,"20","08","41",1241,PM,Night
2042,20:42:00,"20","08","42",1242,PM,Night
2043,20:43:00,"20","08","43",1243,PM,Night
2044,20:44:00,"20","08","44",1244,PM,Night
2045,20:45:00,"20","08","45",1245,PM,Night
2046,20:46:00,"20","08","46",1246,PM,Night
2047,20:47:00,"20","08","47",1247,PM,Night
2048,20:48:00,"20","08","48",1248,PM,Night
2049,20:49:00,"20","08","49",1249,PM,Night
2050,20:50:00,"20","08","50",1250,PM,Night
2051,20:51:00,"20","08","51",1251,PM,Night
2052,20:52:00,"20","08","52",1252,PM,Night
2053,20:53:00,"20","08","53",1253,PM,Night
2054,20:54:00,"20","08","54",1254,PM,Night
2055,20:55:00,"20","08","55",1255,PM,Night
2056,20:56:00,"20","08","56",1256,PM,Night
2057,20:57:00,"20","08","57",1257,PM,Night
2058,20:58:00,"20","08","58",1258,PM,Night
2059,20:59:00,"20","08","59",1259,PM,Night
2100,21:00:00,"21","09","00",1260,PM,Night
2101,21:01:00,"21","09","01",1261,PM,Night
2102,21:02:00,"21","09","02",1262,PM,Night
2103,21:03:00,"21","09","03",1263,PM,Night
2104,21:04:00,"21","09","04",1264,PM,Night
2105,21:05:00,"21","09","05",1265,PM,Night
2106,21:06:00,"21","09","06",1266,PM,Night
2107,21:07:00,"21","09","07",1267,PM,Night
2108,21:08:00,"21","09","08",1268,PM,Night
2109,21:09:00,"21","09","09",1269,PM,Night
2110,21:10:00,"21","09","10",1270,PM,Night
2111,21:11:00,"21","09","11",1271,PM,Night
2112,21:12:00,"21","09","12",1272,PM,Night
2113,21:13:00,"21","09","13",1273,PM,Night
2114,21:14:00,"21","09","14",1274,PM,Night
2115,21:15:00,"21","09","15",1275,PM,Night
2116,21:16:00,"21","09","16",1276,PM,Night
2117,21:17:00,"21","09","17",1277,PM,Night
2118,21:18:00,"21","09","18",1278,PM,Night
2119,21:19:00,"21","09","19",1279,PM,Night
2120,21:20:00,"21","09","20",1280,PM,Night
2121,21:21:00,"21","09","21",1281,PM,Night
2122,21:22:00,"21","09","22",1282,PM,Night
2123,21:23:00,"21","09","23",1283,PM,Night
2124,21:24:00,"21","09","24",1284,PM,Night
2125,21:25:00,"21","09","25",1285,PM,Night
2126,21:26:00,"21","09","26",1286,PM,Night
2127,21:27:00,"21","09","27",1287,PM,Night
2128,21:28:00,"21","09","28",1288,PM,Night
2129,21:29:00,"21","09","29",1289,PM,Night
2130,21:30:00,"21","09","30",1290,PM,Night
2131,21:31:00,"21","09","31",1291,PM,Night
2132,21:32:00,"21","09","32",1292,PM,Night
2133,21:33:00,"21","09","33",1293,PM,Night
2134,21:34:00,"21","09","34",1294,PM,Night
2135,21:35:00,"21","09","35",1295,PM,Night
2136,21:36:00,"21","09","36",1296,PM,Night
2137,21:37:00,"21","09","37",1297,PM,Night
2138,21:38:00,"21","09","38",1298,PM,Night
2139,21:39:00,"21","09","39",1299,PM,Night
2140,21:40:00,"21","09","40",1300,PM,Night
2141,21:41:00,"21","09","41",1301,PM,Night
2142,21:42:00,"21","09","42",1302,PM,Night
2143,21:43:00,"21","09","43",1303,PM,Night
2144,21:44:00,"21","09","44",1304,PM,Night
2145,21:45:00,"21","09","45",1305,PM,Night
2146,21:46:00,"21","09","46",1306,PM,Night
2147,21:47:00,"21","09","47",1307,PM,Night
2148,21:48:00,"21","09","48",1308,PM,Night
2149,21:49:00,"21","09","49",1309,PM,Night
2150,21:50:00,"21","09","50",1310,PM,Night
2151,21:51:00,"21","09","51",1311,PM,Night
2152,21:52:00,"21","09","52",1312,PM,Night
2153,21:53:00,"21","09","53",1313,PM,Night
2154,21:54:00,"21","09","54",1314,PM,Night
2155,21:55:00,"21","09","55",1315,PM,Night
2156,21:56:00,"21","09","56",1316,PM,Night
2157,21:57:00,"21","09","57",1317,PM,Night
2158,21:58:00,"21","09","58",1318,PM,Night
2159,21:59:00,"21","09","59",1319,PM,Night
2200,22:00:00,"22","10","00",1320,PM,Night
2201,22:01:00,"22","10","01",1321,PM,Night
2202,22:02:00,"22","10","02",1322,PM,Night
2203,22:03:00,"22","10","03",1323,PM,Night
2204,22:04:00,"22","10","04",1324,PM,Night
2205,22:05:00,"22","10","05",1325,PM,Night
2206,22:06:00,"22","10","06",1326,PM,Night
2207,22:07:00,"22","10","07",1327,PM,Night
2208,22:08:00,"22","10","08",1328,PM,Night
2209,22:09:00,"22","10","09",1329,PM,Night
2210,22:10:00,"22","10","10",1330,PM,Night
2211,22:11:00,"22","10","11",1331,PM,Night
2212,22:12:00,"22","10","12",1332,PM,Night
2213,22:13:00,"22","10","13",1333,PM,Night
2214,22:14:00,"22","10","14",1334,PM,Night
2215,22:15:00,"22","10","15",1335,PM,Night
2216,22:16:00,"22","10","16",1336,PM,Night
2217,22:17:00,"22","10","17",1337,PM,Night
2218,22:18:00,"22","10","18",1338,PM,Night
2219,22:19:00,"22","10","19",1339,PM,Night
2220,22:20:00,"22","10","20",1340,PM,Night
2221,22:21:00,"22","10","21",1341,PM,Night
2222,22:22:00,"22","10","22",1342,PM,Night
2223,22:23:00,"22","10","23",1343,PM,Night
2224,22:24:00,"22","10","24",1344,PM,Night
2225,22:25:00,"22","10","25",1345,PM,Night
2226,22:26:00,"22","10","26",1346,PM,Night
2227,22:27:00,"22","10","27",1347,PM,Night
2228,22:28:00,"22","10","28",1348,PM,Night
2229,22:29:00,"22","10","29",1349,PM,Night
2230,22:30:00,"22","10","30",1350,PM,Night
2231,22:31:00,"22","10","31",1351,PM,Night
2232,22:32:00,"22","10","32",1352,PM,Night
2233,22:33:00,"22","10","33",1353,PM,Night
2234,22:34:00,"22","10","34",1354,PM,Night
2235,22:35:00,"22","10","35",1355,PM,Night
2236,22:36:00,"22","10","36",1356,PM,Night
2237,22:37:00,"22","10","37",1357,PM,Night
2238,22:38:00,"22","10","38",1358,PM,Night
2239,22:39:00,"22","10","39",1359,PM,Night
2240,22:40:00,"22","10","40",1360,PM,Night
2241,22:41:00,"22","10","41",1361,PM,Night
2242,22:42:00,"22","10","42",1362,PM,Night
2243,22:43:00,"22","10","43",1363,PM,Night
2244,22:44:00,"22","10","44",1364,PM,Night
2245,22:45:00,"22","10","45",1365,PM,Night
2246,22:46:00,"22","10","46",1366,PM,Night
2247,22:47:00,"22","10","47",1367,PM,Night
2248,22:48:00,"22","10","48",1368,PM,Night
2249,22:49:00,"22","10","49",1369,PM,Night
2250,22:50:00,"22","10","50",1370,PM,Night
2251,22:51:00,"22","10","51",1371,PM,Night
2252,22:52:00,"22","10","52",1372,PM,Night
2253,22:53:00,"22","10","53",1373,PM,Night
2254,22:54:00,"22","10","54",1374,PM,Night
2255,22:55:00,"22","10","55",1375,PM,Night
2256,22:56:00,"22","10","56",1376,PM,Night
2257,22:57:00,"22","10","57",1377,PM,Night
2258,22:58:00,"22","10","58",1378,PM,Night
2259,22:59:00,"22","10","59",1379,PM,Night
2300,23:00:00,"23","11","00",1380,PM,Night
2301,23:01:00,"23","11","01",1381,PM,Night
2302,23:02:00,"23","11","02",1382,PM,Night
2303,23:03:00,"23","11","03",1383,PM,Night
2304,23:04:00,"23","11","04",1384,PM,Night
2305,23:05:00,"23","11","05",1385,PM,Night
2306,23:06:00,"23","11","06",1386,PM,Night
2307,23:07:00,"23","11","07",1387,PM,Night
2308,23:08:00,"23","11","08",1388,PM,Night
2309,23:09:00,"23","11","09",1389,PM,Night
2310,23:10:00,"23","11","10",1390,PM,Night
2311,23:11:00,"23","11","11",1391,PM,Night
2312,23:12:00,"23","11","12",1392,PM,Night
2313,23:13:00,"23","11","13",1393,PM,Night
2314,23:14:00,"23","11","14",1394,PM,Night
2315,23:15:00,"23","11","15",1395,PM,Night
2316,23:16:00,"23","11","16",1396,PM,Night
2317,23:17:00,"23","11","17",1397,PM,Night
2318,23:18:00,"23","11","18",1398,PM,Night
2319,23:19:00,"23","11","19",1399,PM,Night
2320,23:20:00,"23","11","20",1400,PM,Night
2321,23:21:00,"23","11","21",1401,PM,Night
2322,23:22:00,"23","11","22",1402,PM,Night
2323,23:23:00,"23","11","23",1403,PM,Night
2324,23:24:00,"23","11","24",1404,PM,Night
2325,23:25:00,"23","11","25",1405,PM,Night
2326,23:26:00,"23","11","26",1406,PM,Night
2327,23:27:00,"23","11","27",1407,PM,Night
2328,23:28:00,"23","11","28",1408,PM,Night
2329,23:29:00,"23","11","29",1409,PM,Night
2330,23:30:00,"23","11","30",1410,PM,Night
2331,23:31:00,"23","11","31",1411,PM,Night
2332,23:32:00,"23","11","32",1412,PM,Night
2333,23:33:00,"23","11","33",1413,PM,Night
2334,23:34:00,"23","11","34",1414,PM,Night
2335,23:35:00,"23","11","35",1415,PM,Night
2336,23:36:00,"23","11","36",1416,PM,Night
2337,23:37:00,"23","11","37",1417,PM,Night
2338,23:38:00,"23","11","38",1418,PM,Night
2339,23:39:00,"23","11","39",1419,PM,Night
2340,23:40:00,"23","11","40",1420,PM,Night
2341,23:41:00,"23","11","41",1421,PM,Night
2342,23:42:00,"23","11","42",1422,PM,Night
2343,23:43:00,"23","11","43",1423,PM,Night
2344,23:44:00,"23","11","44",1424,PM,Night
2345,23:45:00,"23","11","45",1425,PM,Night
2346,23:46:00,"23","11","46",1426,PM,Night
2347,23:47:00,"23","11","47",1427,PM,Night
2348,23:48:00,"23","11","48",1428,PM,Night
2349,23:49:00,"23","11","49",1429,PM,Night
2350,23:50:00,"23","11","50",1430,PM,Night
2351,23:51:00,"23","11","51",1431,PM,Night
2352,23:52:00,"23","11","52",1432,PM,Night
2353,23:53:00,"23","11","53",1433,PM,Night
2354,23:54:00,"23","11","54",1434,PM,Night
2355,23:55:00,"23","11","55",1435,PM,Night
2356,23:56:00,"23","11","56",1436,PM,Night
2357,23:57:00,"23","11","57",1437,PM,Night
2358,23:58:00,"23","11","58",1438,PM,Night
2359,23:59:00,"23","11","59",1439,PM,Night
